{
  "rotation": [
    [
      -5.0313270848590385e-09,
      0.9999999999999999
    ],
    [
      1.0,
      5.0313268628144335e-09
    ]
  ],
  "translation": [
    17.49974,
    0.0001970628915857879
  ],
  "yaw_deg": 90.00000028827381,
  "icp": {
    "max_iters": 20,
    "radius_req": 0.8,
    "yaw_eps_rad": 0.001,
    "range_gate_m": 60.0,
    "flip_trials": 3
  },
  "final_error_stats": {
    "N_obs": 36,
    "min": 1.466871205850703e-08,
    "median": 6.692612035108982e-06,
    "mean": 1.2628958107462678e-05,
    "p95": 4.409565290830139e-05,
    "max": 4.432294075867534e-05,
    "within_radius_req": 36
  },
  "color_check": {
    "used_y_axis_flip": true,
    "match_radius": 1.0,
    "min_frac_required": 0.6,
    "final_match_frac": 1.0
  }
}